mode,category,mu,sigma,multiplier,points_equivalent,mean_ratio_to_pts,league_pct
total,PTS,911.508333,403.776186,0.002477,1.000000,1.000000,
total,REB,333.245833,150.285236,0.006654,2.686732,2.735243,
total,AST,206.900000,131.410261,0.007610,3.072638,4.405550,
total,FG3M,100.220833,64.402164,0.015527,6.269606,9.094999,
total,STL,63.087500,24.758598,0.040390,16.308524,14.448319,
total,BLK,38.212500,28.948241,0.034544,13.948211,23.853669,
total,TOV,104.454167,52.715806,0.018970,7.659490,8.726395,
total,FG_PCT,0.000000,36.516101,0.027385,11.057484,,0.480736
total,FT_PCT,0.000000,17.095233,0.058496,23.619227,,0.789277
per_game,PTS,14.415969,5.831741,0.171475,1.000000,1.000000,
per_game,REB,5.144859,2.167764,0.461305,2.690210,2.802015,
per_game,AST,3.196032,1.935650,0.516622,3.012808,4.510583,
per_game,FG3M,1.543809,0.922655,1.083828,6.320607,9.337920,
per_game,STL,0.965321,0.347037,2.881533,16.804355,14.933854,
per_game,BLK,0.592818,0.438563,2.280172,13.297372,24.317698,
per_game,TOV,1.638367,0.791037,1.264163,7.372274,8.798987,
per_game,FG_PCT,0.000000,0.569416,1.756186,10.241620,,0.481721
per_game,FT_PCT,0.000000,0.281834,3.548184,20.692093,,0.792290
