PLAYER_ID,PLAYER_NAME,TEAM_ABBREVIATION,GP,MIN,FGM,FGA,FG3M,FTM,FTA,REB,AST,STL,BLK,TOV,PTS
2544,LeBron James,LAL,60,1989.055,473,919,77,233,316,364,432,72,35,179,1256
101108,Chris Paul,LAC,16,227.535,18,56,10,1,2,28,53,11,0,16,47
200768,Kyle Lowry,PHI,14,118.04,4,25,4,5,6,9,11,2,2,4,17
201142,Kevin Durant,HOU,78,2839.823333,716,1376,186,408,467,426,372,62,71,246,2026
201143,Al Horford,GSW,45,969.185,138,324,74,22,26,219,116,30,51,42,372
201144,Mike Conley,MIN,54,991.298333,72,215,56,45,50,93,157,35,14,34,245
201145,Jeff Green,HOU,30,174.816667,25,68,12,5,5,25,8,2,2,4,67
201566,Russell Westbrook,SAC,64,1852.57,358,839,128,127,183,348,426,83,12,209,971
201567,Kevin Love,UTA,37,612.8,79,199,53,37,44,215,67,14,9,30,248
201569,Eric Gordon,PHI,6,73.75,12,21,8,1,2,2,3,4,1,3,33
201572,Brook Lopez,LAC,75,1635.273333,232,542,114,56,74,273,97,45,87,61,634
201587,Nicolas Batum,LAC,74,1294.595,96,238,92,9,11,184,64,47,23,37,293
201599,DeAndre Jordan,NOP,12,198.8,21,32,0,11,17,76,11,4,10,9,53
201935,James Harden,CLE,70,2438.495,487,1123,215,463,524,336,557,79,28,245,1652
201939,Stephen Curry,GSW,43,1328.728333,374,799,190,204,221,154,203,49,17,121,1142
201942,DeMar DeRozan,SAC,77,2405.515,499,1005,47,374,431,226,316,80,23,96,1419
201950,Jrue Holiday,POR,53,1560.401667,320,709,137,88,105,245,322,54,6,146,865
201959,Taj Gibson,MEM,10,96.873333,12,26,3,7,8,27,6,2,1,1,34
202066,Garrett Temple,TOR,22,72.936667,4,15,3,6,9,9,9,4,2,7,17
202331,Paul George,PHI,37,1135.031667,225,513,100,91,111,196,133,62,16,64,641
202685,Jonas Valanciunas,DEN,65,871.065,227,390,8,105,136,329,78,14,37,73,567
202687,Bismack Biyombo,SAS,25,141.353333,9,15,0,5,7,26,5,4,2,8,23
202691,Klay Thompson,DAL,69,1496.83,286,728,202,36,47,143,96,33,22,63,810
202695,Kawhi Leonard,LAC,65,2084.728333,635,1258,172,371,416,413,234,122,27,133,1813
202696,Nikola Vučević,BOS,64,1818.118333,394,799,100,77,93,537,213,39,41,85,965
202699,Tobias Harris,DET,63,1745.45,309,659,82,136,157,323,157,58,26,63,836
202710,Jimmy Butler III,GSW,38,1181.676667,240,462,32,248,287,211,185,55,8,60,760
203076,Anthony Davis,WAS,20,625.63,169,334,10,59,81,221,56,22,33,41,407
203078,Bradley Beal,LAC,6,120.916667,18,48,7,6,8,5,10,3,0,9,49
203083,Andre Drummond,PHI,63,1230.748333,159,337,32,53,84,532,80,38,49,61,403
203084,Harrison Barnes,SAS,77,1986.475,262,575,139,102,123,213,148,50,12,61,765
203110,Draymond Green,GSW,68,1868.888333,205,491,101,59,84,375,376,61,42,181,570
203114,Khris Middleton,DAL,63,1439.086667,227,540,67,119,136,231,176,41,9,108,640
203468,CJ McCollum,ATL,76,2263.371667,525,1154,191,183,237,252,293,64,35,135,1424
203471,Dennis Schröder,CLE,70,1696.298333,255,629,75,171,205,190,341,55,11,124,756
203482,Kelly Olynyk,SAS,42,360.213333,47,96,12,27,38,76,49,15,3,24,133
203484,Kentavious Caldwell-Pope,MEM,51,1087.558333,150,366,55,73,80,125,139,43,8,61,428
203486,Mason Plumlee,SAS,20,171.488333,11,14,0,9,14,53,20,10,0,12,31
203497,Rudy Gobert,MIN,76,2380.046667,335,491,0,159,302,872,128,58,124,106,829
203500,Steven Adams,HOU,32,730.365,70,139,0,47,81,276,48,22,20,35,187
203501,Tim Hardaway Jr.,DEN,80,2127.3,348,779,224,159,196,206,108,42,10,43,1079
203507,Giannis Antetokounmpo,MIL,36,1039.23,373,598,15,232,357,352,196,34,24,115,993
203552,Seth Curry,GSW,10,133.0,24,49,12,11,12,12,10,3,0,2,71
203648,Thanasis Antetokounmpo,MIL,34,147.958333,15,32,0,17,30,30,15,13,6,10,47
203897,Zach LaVine,SAC,39,1224.263333,262,547,99,125,142,108,89,28,10,74,748
203903,Jordan Clarkson,NYK,72,1279.461667,237,526,70,78,94,127,96,30,9,63,622
203914,Gary Harris,MIL,48,660.768333,46,104,28,8,9,61,51,27,9,19,128
203924,Jerami Grant,POR,57,1695.101667,331,730,136,262,322,198,122,42,36,119,1060
203926,Doug McDermott,SAC,29,439.198333,54,139,48,8,9,37,22,6,4,13,164
203932,Aaron Gordon,DEN,36,1004.958333,198,398,61,125,163,209,96,21,10,38,582
203935,Marcus Smart,LAL,62,1768.978333,188,476,97,106,129,172,185,87,23,92,579
203937,Kyle Anderson,MIN,43,853.236667,107,202,4,48,68,150,126,45,26,39,266
203939,Dwight Powell,DAL,63,904.411667,65,101,2,78,112,257,68,34,21,41,210
203944,Julius Randle,MIN,79,2610.296667,580,1207,109,398,496,532,398,86,18,217,1667
203952,Andrew Wiggins,MIA,68,2062.598333,390,821,138,127,162,329,182,76,69,103,1045
203954,Joel Embiid,PHI,38,1200.638333,341,697,53,286,335,293,150,21,46,109,1021
203967,Dario Saric,SAC,5,41.248333,1,6,1,2,2,6,2,0,0,2,5
203991,Clint Capela,HOU,75,925.661667,118,227,1,45,78,345,50,36,63,41,282
203992,Bogdan Bogdanović,LAC,23,452.06,59,152,33,20,25,59,51,10,3,27,171
203994,Jusuf Nurkić,UTA,41,1083.068333,180,358,25,62,113,425,196,52,22,101,447
203999,Nikola Jokić,DEN,65,2264.855,644,1132,112,399,480,836,697,92,53,243,1799
204001,Kristaps Porziņģis,GSW,32,768.891667,173,388,54,133,158,167,81,18,38,41,533
204060,Joe Ingles,MIN,27,152.688333,16,27,7,2,2,19,34,9,2,14,41
204456,T.J. McConnell,IND,56,962.505,242,450,16,25,29,124,287,56,10,64,525
1626145,Tyus Jones,DEN,67,978.578333,76,218,40,7,9,76,159,37,3,25,199
1626156,D'Angelo Russell,WAS,26,494.775,94,232,33,43,60,61,104,12,2,49,264
1626157,Karl-Anthony Towns,NYK,75,2321.781667,517,1032,113,357,416,889,226,65,40,187,1504
1626162,Kelly Oubre Jr.,PHI,50,1574.311667,254,544,86,111,145,252,80,68,24,69,705
1626164,Devin Booker,PHX,64,2146.43,546,1198,122,454,520,248,386,51,18,201,1668
1626166,Cameron Payne,PHI,22,374.336667,56,149,32,19,22,44,58,24,7,11,163
1626167,Myles Turner,MIL,71,1911.803333,284,646,147,131,177,378,103,50,115,83,846
1626171,Bobby Portis Jr.,MIL,67,1619.313333,366,750,135,48,68,428,105,41,12,66,915
1626172,Kevon Looney,NOP,21,307.486667,25,60,2,7,10,118,34,9,10,9,59
1626181,Norman Powell,MIA,58,1716.936667,421,895,156,263,318,202,143,64,14,111,1261
1626192,Pat Connaughton,CHA,42,296.518333,38,85,21,13,20,61,18,11,1,11,110
1626204,Larry Nance Jr.,CLE,35,448.77,52,124,21,6,13,93,34,21,6,20,131
1626220,Royce O'Neale,PHX,78,2213.053333,263,625,212,27,38,372,208,84,32,103,765
1627734,Domantas Sabonis,SAC,19,563.588333,120,221,5,56,77,216,78,18,4,51,301
1627739,Kris Dunn,LAC,82,2230.0,227,477,80,62,81,271,295,131,14,111,596
1627741,Buddy Hield,ATL,51,819.271667,143,327,74,30,37,116,71,39,9,48,390
1627742,Brandon Ingram,TOR,77,2603.863333,614,1288,135,292,356,430,284,58,55,187,1655
1627746,Skal Labissiere,WAS,3,37.55,6,10,1,0,0,9,3,2,1,1,13
1627747,Caris LeVert,DET,60,1154.415,163,391,60,57,84,117,159,51,41,82,443
1627749,Dejounte Murray,NOP,14,389.416667,88,182,19,39,45,75,89,23,3,47,234
1627750,Jamal Murray,DEN,75,2651.891667,657,1360,245,346,390,330,535,66,29,171,1905
1627751,Jakob Poeltl,TOR,46,1149.06,217,310,0,59,98,323,93,40,32,57,493
1627752,Taurean Prince,MIL,26,611.303333,86,191,61,6,6,81,46,16,6,31,239
1627759,Jaylen Brown,BOS,71,2442.838333,736,1543,140,426,536,492,364,72,27,259,2038
1627780,Gary Payton II,GSW,73,1142.28,242,415,37,26,40,265,123,67,21,62,547
1627783,Pascal Siakam,IND,62,2056.651667,559,1155,105,262,378,411,236,69,25,138,1485
1627824,Guerschon Yabusele,CHI,67,1007.056667,125,312,69,54,72,234,63,26,16,41,373
1627826,Ivica Zubac,IND,48,1446.698333,288,482,0,101,142,509,105,18,40,86,677
1627827,Dorian Finney-Smith,HOU,37,620.311667,44,132,27,8,9,93,36,16,6,22,123
1627884,Derrick Jones Jr.,LAC,50,1349.508333,189,379,55,71,93,173,69,45,50,40,504
1627936,Alex Caruso,OKC,56,1020.346667,127,300,53,41,51,155,110,72,17,48,348
1628365,Markelle Fultz,TOR,5,35.766667,2,11,0,0,0,1,8,2,0,4,4
1628366,Lonzo Ball,CLE,35,727.743333,53,176,40,14,21,140,136,45,9,52,160
1628368,De'Aaron Fox,SAS,72,2231.065,509,1047,131,187,246,270,445,89,19,164,1336
1628369,Jayson Tatum,BOS,16,521.85,118,287,47,65,79,160,85,22,3,39,348
1628370,Malik Monk,SAC,62,1363.643333,277,632,124,94,107,117,185,37,24,91,772
1628371,Jonathan Isaac,ORL,52,520.893333,46,109,7,35,58,132,22,20,31,18,134
1628374,Lauri Markkanen,UTA,42,1442.596667,384,805,115,240,268,289,89,42,21,63,1123
1628378,Donovan Mitchell,CLE,70,2342.063333,678,1403,224,372,430,316,398,104,20,198,1952
1628379,Luke Kennard,LAL,78,1680.476667,236,443,117,63,69,182,174,55,8,60,652
1628380,Zach Collins,CHI,10,183.736667,37,64,9,14,20,56,15,2,4,10,97
1628381,John Collins,LAC,69,1871.478333,364,659,89,118,154,367,70,60,51,95,935
1628384,OG Anunoby,NYK,67,2223.871667,389,804,157,183,221,351,145,104,48,123,1118
1628386,Jarrett Allen,CLE,56,1519.12,337,528,1,185,261,476,100,55,47,75,860
1628389,Bam Adebayo,MIA,73,2364.685,506,1145,127,329,423,732,232,86,49,120,1468
1628392,Isaiah Hartenstein,OKC,47,1137.425,184,296,0,64,105,443,166,48,36,82,432
1628396,Tony Bradley,ATL,41,450.686667,64,117,2,32,43,116,22,6,7,18,162
1628398,Kyle Kuzma,MIL,69,1805.741667,339,689,83,135,186,313,184,46,28,119,896
1628401,Derrick White,BOS,77,2624.956667,437,1108,209,184,204,339,414,88,98,134,1267
1628404,Josh Hart,NYK,66,1993.575,301,592,100,90,125,486,317,75,17,128,792
1628415,Dillon Brooks,PHX,56,1701.583333,417,959,127,170,202,203,99,57,9,98,1131
1628418,Thomas Bryant,CLE,60,731.816667,135,267,47,53,66,205,33,18,26,28,370
1628420,Monte Morris,IND,6,64.616667,7,20,2,2,4,7,9,1,1,2,18
1628436,Luke Kornet,SAS,68,1430.08,175,272,0,94,114,414,126,32,65,28,444
1628449,Chris Boucher,BOS,9,94.15,8,25,2,3,4,18,3,5,7,1,21
1628467,Maxi Kleber,LAL,43,461.01,33,73,6,14,26,84,27,18,11,17,86
1628502,Nigel Hayes-Davis,PHX,27,195.213333,15,46,2,2,4,33,7,8,2,8,34
1628960,Grayson Allen,PHX,51,1467.278333,269,667,159,144,168,155,195,69,13,83,841
1628963,Marvin Bagley III,DAL,60,1200.903333,254,411,24,95,144,366,85,28,43,61,627
1628964,Mo Bamba,UTA,4,43.8,5,11,0,0,0,22,1,0,3,2,10
1628969,Mikal Bridges,NYK,82,2691.935,472,963,156,81,98,312,304,107,62,83,1181
1628970,Miles Bridges,CHA,77,2387.231667,479,1042,148,208,253,450,246,46,34,107,1314
1628971,Bruce Brown,DEN,82,1997.788333,248,522,57,96,126,318,174,85,20,91,649
1628973,Jalen Brunson,NYK,74,2589.806667,689,1475,195,354,421,247,503,57,8,175,1927
1628975,Jevon Carter,ORL,53,867.441667,123,307,78,15,19,89,87,40,10,36,339
1628976,Wendell Carter Jr.,ORL,78,2288.351667,326,637,72,198,250,577,154,60,49,100,922
1628978,Donte DiVincenzo,MIN,82,2494.036667,339,835,244,78,105,336,313,104,34,118,1000
1628983,Shai Gilgeous-Alexander,OKC,68,2258.946667,731,1321,115,540,614,292,448,95,52,151,2117
1628988,Aaron Holiday,HOU,57,780.731667,105,252,67,35,41,58,60,27,5,38,312
1628989,Kevin Huerter,DET,69,1549.076667,269,596,100,55,71,240,178,63,33,72,693
1628991,Jaren Jackson Jr.,UTA,48,1454.648333,342,719,84,163,203,272,94,53,69,107,931
1628997,Caleb Martin,DAL,58,856.211667,85,189,20,37,61,143,81,40,15,40,227
1628998,Cody Martin,IND,4,55.18,2,10,0,3,6,14,2,4,2,4,7
1629001,De'Anthony Melton,GSW,49,1125.256667,215,528,72,100,121,158,125,77,20,91,602
1629004,Svi Mykhailiuk,UTA,50,1155.611667,173,362,98,25,28,124,93,26,3,42,469
1629006,Josh Okogie,HOU,78,1353.811667,125,294,62,41,69,200,69,63,16,41,353
1629008,Michael Porter Jr.,BKN,52,1688.603333,444,958,176,195,227,367,158,55,13,122,1259
1629011,Mitchell Robinson,NYK,60,1174.501667,149,206,0,42,103,525,52,56,70,41,340
1629012,Collin Sexton,CHI,68,1613.203333,360,742,112,218,255,155,223,76,10,141,1050
1629013,Landry Shamet,NYK,51,1171.055,159,364,103,54,76,92,72,31,9,30,475
1629014,Anfernee Simons,CHI,55,1371.933333,285,648,146,69,77,135,134,27,8,68,785
1629018,Gary Trent Jr.,MIL,65,1377.381667,183,473,123,40,52,67,79,34,3,41,529
1629020,Jarred Vanderbilt,LAL,65,1127.741667,113,240,29,33,56,292,84,55,19,56,288
1629021,Moritz Wagner,ORL,36,426.595,83,195,22,59,72,115,27,15,2,19,247
1629023,P.J. Washington,DAL,56,1735.62,296,658,76,125,182,394,98,55,60,94,793
1629026,Kenrich Williams,OKC,56,855.163333,140,296,50,33,52,187,79,31,5,43,363
1629027,Trae Young,WAS,15,383.753333,81,177,27,80,97,30,120,13,2,39,269
1629028,Deandre Ayton,LAL,72,1958.385,403,601,0,91,141,575,59,41,70,83,897
1629029,Luka Dončić,LAL,64,2288.601667,693,1457,254,503,645,495,530,105,34,255,2143
1629048,Goga Bitadze,ORL,64,972.006667,152,225,2,69,97,320,84,37,61,43,375
1629057,Robert Williams III,POR,59,1008.213333,177,250,9,34,57,415,60,35,87,49,397
1629060,Rui Hachimura,LAL,68,1926.565,307,597,116,50,72,226,57,39,21,42,780
1629111,Jock Landale,ATL,68,1506.076667,282,548,74,80,126,387,115,35,36,60,718
1629130,Duncan Robinson,DET,77,2113.158333,318,698,220,83,110,205,159,44,22,54,939
1629162,Jordan McLaughlin,SAS,44,281.616667,33,79,17,6,7,32,38,20,2,15,89
1629216,Gabe Vincent,ATL,53,879.078333,76,216,59,20,23,54,76,27,3,27,231
1629234,Drew Eubanks,SAC,42,552.27,93,156,1,32,57,127,19,15,26,30,219
1629312,Haywood Highsmith,PHX,7,90.79,12,23,8,6,7,13,7,4,0,0,38
1629599,Amir Coffey,PHX,46,490.501667,55,113,17,22,28,57,27,9,5,9,149
1629610,DaQuan Jeffries,SAC,3,59.903333,11,19,4,5,5,5,1,2,0,0,31
1629611,Terance Mann,BKN,63,1529.016667,168,368,56,63,80,200,190,41,15,71,455
1629614,Andrew Nembhard,IND,57,1785.593333,333,753,107,193,234,160,437,51,8,137,966
1629618,Jalen Pickett,DEN,50,806.48,98,232,49,15,19,114,115,13,5,34,260
1629622,Max Strus,CLE,12,288.295,47,106,33,7,9,65,24,3,0,9,134
1629627,Zion Williamson,NOP,62,1841.063333,484,807,1,333,465,353,199,60,34,126,1302
1629628,RJ Barrett,TOR,57,1725.76,401,816,96,200,279,300,189,42,19,99,1098
1629630,Ja Morant,MEM,20,568.5,132,322,20,105,117,65,161,20,6,71,389
1629631,De'Andre Hunter,SAC,45,1175.486667,208,501,75,124,143,185,90,30,6,75,615
1629632,Coby White,CHA,50,1249.788333,278,623,115,197,241,170,200,25,5,128,868
1629634,Brandon Clarke,MEM,2,20.438333,3,9,0,2,4,6,1,2,0,0,8
1629636,Darius Garland,LAC,45,1344.276667,309,672,122,105,122,107,301,43,8,130,845
1629637,Jaxson Hayes,LAL,66,1206.578333,198,262,3,98,150,271,59,29,52,31,497
1629638,Nickeil Alexander-Walker,ATL,78,2603.176667,548,1195,251,277,307,268,286,102,42,162,1624
1629639,Tyler Herro,MIA,33,1032.653333,247,515,84,99,108,158,136,23,12,64,677
1629640,Keldon Johnson,SAS,82,1911.466667,414,797,99,154,194,440,111,46,11,70,1081
1629645,Kevin Porter Jr.,MIL,38,1261.015,239,514,46,137,156,198,280,83,19,110,661
1629646,Charles Bassey,GSW,13,152.703333,31,47,0,14,20,57,7,4,11,6,76
1629651,Nic Claxton,BKN,69,1920.366667,333,583,3,141,229,478,253,45,77,96,810
1629652,Luguentz Dort,OKC,69,1848.741667,202,524,128,44,58,245,85,62,27,54,576
1629655,Daniel Gafford,DAL,55,1194.438333,207,316,0,110,161,378,58,42,69,63,524
1629656,Quentin Grimes,PHI,75,2205.721667,340,755,127,199,237,273,244,64,28,133,1006
1629660,Ty Jerome,MEM,15,338.688333,102,215,42,49,56,42,85,16,4,27,295
1629661,Cameron Johnson,DEN,54,1647.031667,228,475,110,94,112,206,132,40,21,47,660
1629673,Jordan Poole,NOP,39,933.236667,165,444,96,98,114,77,119,22,15,69,524
1629674,Neemias Queta,BOS,76,1926.206667,326,499,1,123,175,636,126,60,100,75,776
1629675,Naz Reid,MIN,77,2007.35,397,871,162,90,123,477,170,76,78,126,1046
1629680,Matisse Thybulle,POR,30,479.65,58,134,37,21,25,59,27,60,16,28,174
1629684,Grant Williams,CHA,36,711.453333,78,183,52,44,54,142,56,17,18,31,252
1629723,John Konchar,UTA,56,1114.676667,94,199,28,32,44,240,118,83,38,35,248
1629726,Garrison Mathews,IND,15,196.1,21,52,17,19,23,17,10,6,3,3,78
1629731,Dean Wade,CLE,59,1317.683333,122,278,71,27,38,247,88,44,23,16,342
1629750,Javonte Green,DET,82,1445.961667,185,414,94,105,125,230,56,102,25,45,569
1630162,Anthony Edwards,MIN,61,2136.593333,602,1231,205,348,437,302,226,83,49,174,1757
1630163,LaMelo Ball,CHA,72,2017.446667,506,1244,272,161,179,347,514,87,18,202,1445
1630164,James Wiseman,IND,4,58.461667,6,10,0,1,2,8,3,0,1,5,13
1630165,Killian Hayes,SAC,23,405.526667,42,138,17,26,28,54,81,21,4,28,127
1630166,Deni Avdija,POR,66,2199.385,492,1064,125,489,610,454,442,51,41,253,1598
1630167,Obi Toppin,IND,24,423.725,100,199,37,42,46,106,55,12,1,28,279
1630168,Onyeka Okongwu,ATL,74,2296.968333,413,860,144,153,202,562,231,82,79,127,1123
1630170,Devin Vassell,SAS,67,2044.231667,330,755,166,106,130,269,167,57,25,60,932
1630171,Isaac Okoro,CHI,63,1694.89,211,459,73,89,112,173,100,46,29,46,584
1630172,Patrick Williams,CHI,72,1473.78,178,478,95,54,75,215,105,49,26,75,505
1630173,Precious Achiuwa,SAC,73,1745.185,316,598,27,77,139,492,101,65,50,65,736
1630174,Aaron Nesmith,IND,45,1334.95,212,512,105,92,111,187,86,26,23,63,621
1630175,Cole Anthony,MIL,35,526.635,98,231,22,16,26,87,121,20,11,65,234
1630178,Tyrese Maxey,PHI,70,2661.118333,694,1501,220,372,417,290,461,130,55,171,1980
1630180,Saddiq Bey,NOP,72,2245.575,436,967,151,248,295,400,182,68,7,68,1271
1630182,Josh Green,CHA,58,907.928333,83,181,58,25,28,102,47,35,6,35,249
1630183,Jaden McDaniels,MIN,73,2316.413333,417,809,103,147,176,310,199,81,73,131,1084
1630188,Jalen Smith,CHI,53,1095.388333,195,404,82,69,93,355,65,24,42,53,541
1630191,Isaiah Stewart,DET,58,1317.135,221,402,40,99,131,290,66,16,93,67,581
1630192,Zeke Nnaji,DEN,52,625.988333,71,151,14,34,44,136,29,17,24,27,190
1630193,Immanuel Quickley,TOR,70,2231.308333,401,905,178,170,207,282,415,92,5,102,1150
1630194,Paul Reed,DET,65,900.628333,209,339,13,73,110,294,80,57,60,58,504
1630198,Isaiah Joe,OKC,71,1507.445,247,543,181,110,123,181,94,50,11,45,785
1630200,Tre Jones,CHI,65,1752.373333,341,617,41,191,227,204,350,76,11,92,914
1630202,Payton Pritchard,BOS,79,2555.523333,506,1091,212,121,136,312,408,58,10,109,1345
1630208,Nick Richards,CHI,48,700.71,103,201,5,65,101,243,16,10,32,59,276
1630209,Omer Yurtseven,GSW,9,103.955,11,26,0,12,18,30,8,2,1,9,34
1630214,Xavier Tillman,CHA,30,183.878333,20,46,3,1,4,43,13,9,5,8,44
1630217,Desmond Bane,ORL,82,2756.045,583,1205,167,314,346,338,338,86,37,164,1647
1630224,Jalen Green,PHX,32,828.325,216,512,71,65,87,116,91,34,8,72,568
1630228,Jonathan Kuminga,ATL,36,830.496667,157,339,35,89,123,202,83,22,11,67,438
1630230,Naji Marshall,DAL,74,2183.74,419,821,62,228,300,348,241,82,6,119,1128
1630241,Sam Merrill,CLE,52,1377.073333,223,484,158,59,69,133,125,33,7,42,663
1630245,Ayo Dosunmu,MIN,69,1881.043333,386,747,123,127,145,237,249,58,18,96,1022
1630249,Vít Krejčí,POR,65,1392.1,192,429,128,38,51,148,100,47,18,41,550
1630256,Jae'Sean Tate,HOU,46,404.723333,56,109,10,7,11,73,25,10,3,16,129
1630264,Anthony Gill,WAS,55,950.946667,135,215,17,34,46,158,69,31,21,36,321
1630286,Trevon Scott,BKN,6,182.235,19,50,6,4,6,31,10,8,5,4,48
1630311,Pat Spencer,GSW,66,1228.926667,186,436,60,44,57,158,232,48,5,85,476
1630314,Brandon Williams,DAL,66,1462.645,291,617,36,241,304,191,256,62,20,125,859
1630322,Lindy Waters III,SAS,40,284.676667,33,88,27,2,3,29,19,6,1,7,95
1630526,Jeremiah Robinson-Earl,DAL,22,360.615,37,100,10,17,18,103,15,9,1,12,101
1630529,Herbert Jones,NOP,56,1588.381667,183,478,80,50,62,190,155,88,27,73,496
1630530,Trey Murphy III,NOP,66,2340.638333,494,1050,214,218,246,377,250,99,24,120,1420
1630532,Franz Wagner,ORL,34,1019.003333,244,507,48,163,198,177,113,32,11,58,699
1630533,Ziaire Williams,BKN,56,1281.266667,184,433,86,119,140,134,60,76,21,59,573
1630534,Ochai Agbaji,BKN,62,973.203333,122,280,34,36,43,141,47,24,17,31,314
1630536,Sharife Cooper,WAS,41,699.998333,127,247,29,50,60,86,124,16,5,61,333
1630538,Bones Hyland,MIN,71,1176.918333,212,468,116,64,82,127,188,44,17,70,604
1630540,Miles McBride,NYK,41,1080.035,171,404,112,37,47,100,106,35,9,33,491
1630541,Moses Moody,GSW,60,1539.898333,245,557,151,87,113,200,98,58,34,57,728
1630543,Isaiah Jackson,LAC,55,908.311667,151,237,0,68,105,290,52,36,49,58,370
1630544,Tre Mann,CHA,53,668.458333,109,303,50,23,27,92,86,25,5,54,291
1630545,Terrence Shannon Jr,MIN,43,537.675,77,171,31,56,70,49,38,14,1,24,241
1630548,Johnny Juzang,MIN,21,87.698333,16,38,6,5,8,17,6,2,1,5,43
1630549,Day'Ron Sharpe,BKN,62,1159.915,214,356,9,103,152,413,145,67,26,106,540
1630551,Justin Champagnie,WAS,69,1377.453333,232,462,53,80,102,384,84,59,43,45,597
1630552,Jalen Johnson,ATL,72,2531.598333,600,1228,120,301,382,740,566,89,31,244,1621
1630557,Corey Kispert,ATL,58,1079.606667,184,394,87,77,97,132,92,16,9,45,532
1630558,Davion Mitchell,MIA,70,2000.255,261,533,90,42,65,187,453,68,11,108,654
1630559,Austin Reaves,LAL,51,1761.65,373,762,118,323,371,240,280,56,20,151,1187
1630560,Cam Thomas,MIL,42,880.526667,189,461,52,137,169,71,108,9,4,74,567
1630567,Scottie Barnes,TOR,80,2680.776667,569,1123,68,242,297,600,474,114,116,210,1448
1630568,Luka Garza,BOS,69,1117.908333,206,357,55,90,117,281,66,27,28,46,557
1630570,Trendon Watford,PHI,53,863.716667,138,268,10,60,77,174,132,16,22,64,346
1630572,Sandro Mamukelashvili,TOR,80,1750.691667,330,631,115,118,158,395,151,64,41,67,893
1630573,Sam Hauser,BOS,78,1934.15,252,601,198,17,20,300,114,38,23,35,719
1630574,Ariel Hukporti,NYK,54,497.961667,45,80,1,26,33,159,29,9,26,32,117
1630577,Julian Champagnie,SAS,82,2265.963333,301,689,195,114,135,473,127,62,38,69,911
1630578,Alperen Sengun,HOU,72,2397.695,583,1123,40,260,376,640,445,85,77,227,1466
1630579,Jericho Sims,MIL,67,1317.835,145,185,0,44,71,370,104,19,17,75,334
1630581,Josh Giddey,CHI,54,1731.356667,321,717,103,174,228,448,494,55,27,196,919
1630583,Santi Aldama,MEM,43,1198.078333,228,476,70,76,114,287,126,37,31,55,602
1630587,Isaiah Livers,PHX,36,347.36,22,64,12,9,12,61,21,13,8,12,65
1630590,Scotty Pippen Jr.,MEM,10,211.866667,43,96,10,18,23,22,47,19,4,27,114
1630591,Jalen Suggs,ORL,57,1573.57,282,649,122,100,117,220,312,105,40,152,786
1630592,Jalen Wilson,BKN,54,859.221667,110,278,54,69,96,114,50,22,2,38,343
1630595,Cade Cunningham,DET,64,2171.671667,548,1189,125,310,382,355,634,92,54,236,1531
1630596,Evan Mobley,CLE,65,2074.288333,469,859,62,180,297,586,234,48,113,122,1180
1630598,Aaron Wiggins,OKC,65,1413.98,231,536,96,53,72,199,109,60,28,81,611
1630604,E.J. Liddell,BKN,26,349.19,54,111,18,21,26,69,24,6,10,15,147
1630610,DeJon Jarreau,MEM,11,230.733333,33,83,4,18,23,51,36,10,8,26,88
1630611,Gui Santos,GSW,68,1395.363333,230,460,78,87,120,266,159,61,22,102,625
1630619,Moussa Cisse,DAL,38,529.58,66,115,0,38,81,216,9,19,45,30,170
1630621,Hunter Dickinson,NOP,5,42.478333,5,14,0,2,2,5,2,1,2,3,12
1630623,Tyson Etienne,BKN,24,380.016667,58,145,43,30,36,27,40,11,0,16,189
1630625,Dalano Banton,BOS,6,61.65,4,12,0,4,4,5,11,2,5,8,12
1630631,Jose Alvarado,NYK,69,1370.236667,187,449,101,35,46,171,234,66,8,77,510
1630639,A.J. Lawson,TOR,24,226.115,34,78,19,14,18,43,7,12,4,6,101
1630643,Jay Huff,IND,82,1719.243333,291,611,119,82,99,324,121,41,153,76,783
1630644,Mac McClung,CHI,11,135.175,23,59,7,14,18,10,10,11,3,9,67
1630649,Stanley Umude,SAS,2,6.566667,1,2,0,0,0,0,1,1,0,0,2
1630658,Colin Castleton,ORL,4,21.383333,2,5,0,1,1,8,1,1,0,2,5
1630679,Ethan Thompson,IND,32,653.231667,74,196,38,37,47,69,57,20,9,25,223
1630692,Jordan Goodwin,PHX,70,1571.776667,229,555,112,39,56,341,151,106,14,68,609
1630695,Micah Potter,IND,47,908.316667,151,293,71,85,101,233,69,22,15,47,458
1630696,Dru Smith,MIA,70,1141.308333,135,325,38,87,105,173,180,100,21,55,395
1630699,MarJon Beauchamp,PHI,14,196.111667,33,76,16,13,19,32,15,9,4,13,95
1630700,Dyson Daniels,ATL,76,2519.54,402,777,22,75,122,520,449,149,31,135,901
1630702,Jaden Hardy,WAS,57,898.096667,182,429,104,55,75,86,58,16,6,62,523
1630703,Scoot Henderson,POR,30,747.83,143,342,57,84,100,80,112,27,9,73,427
1630811,Keaton Wallace,ATL,53,535.99,68,171,38,12,18,56,94,24,5,28,186
1630828,Alex Antetokounmpo,MIL,6,20.638333,3,8,2,11,15,6,1,0,1,1,19
1630846,Olivier Sarr,CLE,4,39.35,5,7,2,2,5,11,5,2,3,2,14
1631093,Jaden Ivey,CHI,37,670.255,114,256,50,38,47,91,68,23,14,41,316
1631094,Paolo Banchero,ORL,72,2501.685,529,1152,84,457,590,604,373,51,40,222,1599
1631095,Jabari Smith Jr.,HOU,77,2705.365,438,975,177,162,209,529,143,56,71,105,1215
1631096,Chet Holmgren,OKC,69,1997.268333,434,779,88,225,284,614,115,43,131,107,1181
1631097,Bennedict Mathurin,LAC,54,1620.015,291,677,75,292,336,293,129,43,13,118,949
1631099,Keegan Murray,SAC,23,793.096667,126,300,31,38,49,132,38,24,36,27,321
1631101,Shaedon Sharpe,POR,50,1471.301667,392,868,103,155,197,217,132,70,6,147,1042
1631102,TyTy Washington Jr.,LAC,16,88.128333,9,19,3,0,0,6,17,6,3,3,21
1631103,Malaki Branham,WAS,28,275.478333,43,91,14,28,34,44,23,10,3,15,128
1631104,Blake Wesley,POR,31,360.818333,56,124,10,26,47,39,62,16,5,31,148
1631105,Jalen Duren,DET,70,1975.853333,522,803,0,321,430,737,138,57,59,130,1365
1631106,Tari Eason,HOU,60,1549.105,241,580,93,52,67,376,90,72,28,81,627
1631107,Nikola Jović,MIA,47,808.018333,115,314,45,69,101,153,102,26,17,65,344
1631108,Max Christie,DAL,77,2244.48,320,725,180,125,139,249,151,47,27,96,945
1631109,Mark Williams,PHX,60,1416.05,282,438,1,135,175,477,58,55,55,65,700
1631110,Jeremy Sochan,NYK,44,468.551667,64,129,11,19,26,107,40,17,7,21,158
1631111,Wendell Moore Jr.,DET,6,59.555,4,7,0,2,2,6,4,2,2,1,10
1631113,Kennedy Chandler,UTA,11,355.226667,61,137,15,28,43,37,74,11,2,23,165
1631114,Jalen Williams,OKC,33,935.963333,216,446,23,108,129,153,181,39,9,63,563
1631115,Orlando Robinson,ORL,4,24.816667,3,5,1,0,0,4,3,1,0,0,7
1631116,Patrick Baldwin Jr.,SAC,9,102.471667,11,27,6,5,7,23,5,3,5,5,33
1631117,Walker Kessler,UTA,5,153.98,26,37,6,14,20,54,15,7,9,16,72
1631119,Jaylin Williams,OKC,65,1277.375,149,352,98,73,92,358,158,31,42,67,469
1631120,JD Davison,HOU,28,218.416667,24,64,8,13,19,34,35,6,6,7,69
1631121,Bryce McGowens,NOP,42,879.933333,114,237,38,74,95,88,62,27,8,17,340
1631123,Jamaree Bouyea,PHX,46,644.058333,108,236,23,24,35,82,82,29,16,30,263
1631124,Julian Strawther,DEN,57,860.673333,149,319,58,57,70,114,61,25,6,36,413
1631126,Caleb Love,POR,49,1012.608333,190,490,93,36,49,114,123,27,4,62,509
1631127,Harrison Ingram,SAS,7,26.116667,5,6,1,0,0,3,1,0,0,1,11
1631128,Christian Braun,DEN,44,1399.138333,202,389,43,79,101,211,120,30,12,43,526
1631131,Oscar Tshiebwe,UTA,27,448.42,92,145,0,27,49,179,32,16,5,21,211
1631132,Christian Koloko,ATL,27,356.668333,31,74,1,10,15,81,18,14,23,16,73
1631133,Jabari Walker,PHI,64,761.668333,97,213,32,50,68,192,34,23,13,27,276
1631157,Ryan Rollins,MIL,74,2375.483333,486,1030,184,125,157,338,414,110,31,201,1281
1631159,Leonard Miller,CHI,46,718.661667,145,262,32,39,53,181,40,17,15,36,361
1631165,Keon Ellis,CLE,72,1478.638333,169,384,91,51,70,135,72,83,46,41,480
1631166,Drew Timme,LAL,27,235.081667,38,66,11,5,9,33,23,6,0,13,92
1631169,Josh Minott,BKN,49,833.731667,126,252,64,48,61,158,46,44,24,43,364
1631170,Jaime Jaquez Jr.,MIA,75,2121.21,464,915,58,166,216,375,352,51,21,152,1152
1631172,Ousmane Dieng,MIL,57,1099.471667,168,398,63,32,45,180,136,25,17,75,431
1631174,Tyler Burton,MEM,12,306.743333,42,112,22,23,27,50,12,11,4,11,129
1631199,Ron Harper Jr.,BOS,29,317.526667,46,110,28,3,4,48,22,10,9,8,123
1631200,Kris Murray,POR,57,1333.21,129,276,34,39,57,206,81,51,22,47,331
1631204,Marcus Sasser,DET,38,456.503333,69,177,44,15,18,39,75,20,4,31,197
1631205,Buddy Boeheim,OKC,4,15.003333,2,6,2,0,0,0,0,0,0,0,6
1631207,Dalen Terry,PHI,48,551.026667,68,155,24,16,30,86,66,29,15,26,176
1631210,Jacob Toppin,ATL,5,16.866667,4,6,0,0,0,1,1,0,1,0,8
1631211,Trevor Keels,MIA,8,14.946667,3,12,2,0,0,2,0,1,0,0,8
1631212,Peyton Watson,DEN,54,1597.758333,285,581,81,138,189,264,111,50,61,93,789
1631213,Tyrese Martin,PHI,46,776.61,109,277,53,19,28,116,78,25,6,40,290
1631214,Alondes Williams,WAS,4,100.783333,16,26,5,7,8,25,12,3,3,5,44
1631216,Caleb Houstan,ATL,18,75.466667,14,26,11,3,3,11,4,2,1,4,42
1631217,Moussa Diabaté,CHA,73,1898.956667,229,363,1,116,176,635,141,56,72,73,575
1631218,Trayce Jackson-Davis,TOR,53,496.036667,71,124,1,38,74,145,39,17,24,23,181
1631221,Collin Gillespie,PHX,80,2281.801667,352,842,232,76,87,327,371,99,16,125,1012
1631222,Jake LaRavia,LAL,82,2061.47,240,523,78,116,152,326,145,104,38,87,674
1631223,David Roddy,DEN,5,73.016667,15,30,3,7,7,20,4,4,1,2,40
1631230,Dominick Barlow,PHI,71,1688.518333,215,399,21,94,131,340,87,63,53,56,545
1631243,Mouhamed Gueye,ATL,77,1178.836667,131,290,40,40,62,275,69,61,39,33,342
1631245,Quenton Jackson,IND,49,897.425,154,328,42,98,119,114,140,31,6,62,448
1631246,Vince Williams Jr.,UTA,40,819.395,103,292,55,39,50,155,166,29,16,70,300
1631247,Luke Travers,CLE,12,103.091667,9,36,1,9,9,24,9,7,4,3,28
1631248,Baylor Scheierman,BOS,77,1429.303333,151,333,97,28,31,269,116,42,6,46,427
1631250,Pete Nance,MIL,47,737.098333,100,194,50,4,11,125,48,14,14,26,254
1631255,Karlo Matković,NOP,62,911.756667,142,235,38,30,41,229,50,25,54,34,352
1631260,AJ Green,MIL,78,2269.933333,262,618,232,53,62,213,152,39,8,75,809
1631288,Jamal Cain,ORL,40,485.968333,74,152,28,39,46,78,29,11,4,19,215
1631321,Sidy Cissoko,POR,75,1435.055,133,334,59,58,88,166,110,52,25,70,383
1631323,Simone Fontecchio,MIA,70,1172.47,194,471,123,86,102,211,101,37,9,49,597
1631338,Mouhamadou Gueye,CHI,2,45.441667,6,11,1,3,4,6,6,2,1,3,16
1631342,Daeqwon Plowden,SAC,32,844.368333,120,279,62,42,49,97,41,23,7,26,344
1631351,Lucas Williamson,MEM,7,223.74,25,75,15,8,8,38,18,11,1,10,73
1631451,Javonte Cooke,POR,19,93.665,9,41,3,2,2,19,7,6,0,9,23
1631457,Alex Morales,ORL,4,23.583333,3,7,0,2,2,3,4,0,0,4,8
1631466,Nate Williams,GSW,14,239.17,43,88,13,13,15,30,14,5,0,15,112
1641705,Victor Wembanyama,SAS,64,1865.648333,553,1080,122,372,450,736,199,66,197,155,1600
1641706,Brandon Miller,CHA,65,1968.311667,454,1044,204,199,223,319,217,66,44,163,1311
1641707,Taylor Hendricks,MEM,59,1118.465,163,355,63,49,72,221,55,50,30,50,438
1641708,Amen Thompson,HOU,79,2953.15,557,1044,25,304,390,614,420,119,48,190,1443
1641709,Ausar Thompson,DET,73,1895.61,303,577,6,109,191,418,228,146,69,110,721
1641710,Anthony Black,ORL,64,1910.05,345,772,100,169,231,244,236,91,45,132,959
1641711,Gradey Dick,TOR,76,1066.688333,161,384,56,77,88,147,51,45,7,42,455
1641712,Rayan Rupert,MEM,64,1072.545,123,313,44,42,54,188,68,55,9,55,332
1641713,GG Jackson,MEM,55,1177.765,255,514,64,112,151,235,81,31,44,85,686
1641715,Cam Whitmore,WAS,21,353.983333,77,169,16,23,31,58,15,15,8,18,193
1641716,Jarace Walker,IND,76,1953.383333,307,733,133,137,183,391,192,63,26,139,884
1641717,Cason Wallace,OKC,77,2046.07,252,584,101,55,68,238,200,150,28,73,660
1641718,Keyonte George,UTA,54,1786.108333,402,881,134,337,378,199,332,58,14,166,1275
1641722,Jordan Hawkins,NOP,51,691.975,94,257,47,23,27,88,42,13,10,34,258
1641723,Kobe Bufkin,LAL,16,119.483333,15,50,5,11,12,13,10,2,3,5,46
1641724,Jett Howard,ORL,55,695.32,105,251,54,37,39,87,45,10,11,15,301
1641725,Trey Alexander,NOP,9,110.643333,19,37,6,3,5,11,9,6,2,3,47
1641726,Dereck Lively II,DAL,7,115.273333,11,18,0,8,10,37,13,4,11,10,30
1641727,Dariq Whitehead,MEM,6,182.816667,37,93,19,5,7,24,9,4,0,10,98
1641729,Brice Sensabaugh,UTA,75,1761.866667,394,857,162,166,201,231,143,54,12,124,1116
1641730,Noah Clowney,BKN,66,1780.063333,250,631,129,180,224,273,108,50,45,102,809
1641731,Bilal Coulibaly,WAS,56,1467.605,230,541,65,132,177,243,145,75,54,81,657
1641732,Colby Jones,DET,1,6.816667,1,3,0,0,0,4,2,0,0,0,2
1641733,Nick Smith Jr.,LAL,30,374.876667,70,161,34,11,15,23,31,9,2,21,185
1641737,Adem Bona,PHI,71,1234.161667,131,220,2,80,113,307,32,30,82,56,344
1641738,Kobe Brown,IND,61,962.376667,127,271,52,47,59,185,80,23,12,53,353
1641739,Toumani Camara,POR,82,2731.236667,392,891,219,97,137,421,201,94,35,144,1100
1641740,Jaylen Clark,MIN,68,887.703333,99,228,33,44,67,120,43,47,9,23,275
1641744,Zach Edey,MEM,11,283.851667,62,98,1,25,32,122,12,7,21,26,150
1641747,DaRon Holmes II,DEN,25,209.51,31,61,20,11,14,35,16,1,6,12,93
1641748,Andre Jackson Jr.,MIL,48,408.108333,39,119,15,20,32,72,43,19,4,31,113
1641750,Ryan Kalkbrenner,CHA,69,1479.131667,219,291,0,83,116,377,54,32,101,62,521
1641752,Bobi Klintman,DET,12,71.383333,9,27,4,0,3,19,6,3,0,6,22
1641753,Chris Livingston,CLE,3,17.426667,4,7,0,1,1,3,1,1,0,0,9
1641755,Kevin McCullar Jr.,NYK,21,154.993333,20,47,8,2,5,28,20,9,0,12,50
1641757,Jordan Miller,LAC,60,1324.78,212,399,38,136,175,182,136,45,11,63,598
1641761,Grant Nelson,BKN,4,35.01,5,9,0,7,10,6,5,1,5,4,17
1641763,Julian Phillips,MIN,48,427.016667,51,121,20,18,23,49,10,22,7,11,140
1641764,Brandin Podziemski,GSW,82,2332.673333,394,866,153,192,241,419,304,88,15,131,1133
1641765,Olivier-Maxence Prosper,MEM,53,983.591667,192,350,60,86,114,187,51,40,13,47,530
1641767,Ben Sheppard,IND,65,1390.476667,168,387,84,39,51,195,114,39,6,41,459
1641771,Jalen Slawson,IND,13,310.55,34,77,15,12,17,57,36,20,14,17,95
1641772,Nae'Qwan Tomlin,CLE,64,1003.638333,150,314,27,47,61,186,53,41,34,29,374
1641774,Tristan Vukcevic,WAS,49,670.98,152,317,50,87,111,147,55,23,33,62,441
1641775,Jordan Walsh,BOS,68,1211.97,136,267,48,44,57,272,54,49,31,35,364
1641778,Leaky Black,WAS,15,433.076667,40,103,19,7,8,75,22,18,8,14,106
1641780,Johni Broome,PHI,11,54.761667,4,24,0,2,6,16,4,3,2,3,10
1641783,Tristan da Silva,ORL,77,1899.456667,279,620,120,84,95,284,124,68,25,69,762
1641787,Tosan Evbuomwan,CHA,5,7.713333,0,1,0,0,0,2,0,0,0,0,0
1641790,PJ Hall,CHA,19,213.378333,30,59,3,23,29,75,10,3,10,16,86
1641794,Dillon Jones,NYK,7,39.388333,2,9,1,4,4,7,4,3,0,0,9
1641796,Pelle Larsson,MIA,70,1849.143333,277,559,62,184,231,244,236,49,16,101,800
1641801,Emanuel Miller,SAS,5,33.05,6,13,2,1,2,3,4,2,0,0,15
1641803,Tristen Newton,HOU,1,12.0,4,9,2,2,3,3,0,1,0,0,12
1641807,Norchad Omier,LAC,6,23.666667,7,10,0,3,3,7,2,1,0,0,17
1641809,Drew Peterson,CHA,6,64.268333,2,16,0,1,2,9,2,3,1,0,5
1641810,Antonio Reeves,CHA,10,67.676667,10,20,7,0,0,8,3,1,0,1,27
1641813,Mark Sears,MIL,7,26.081667,6,13,4,6,8,2,2,0,0,4,22
1641815,Isaiah Stevens,SAC,3,42.783333,3,7,0,4,4,3,10,5,0,2,10
1641816,Hunter Tyson,DEN,21,161.9,14,52,7,11,13,36,17,2,1,5,46
1641824,Matas Buzelis,CHI,77,2248.248333,446,963,173,187,238,448,158,55,116,159,1252
1641842,Ronald Holland II,DET,78,1550.448333,235,544,50,120,149,315,95,92,27,96,640
1641854,Craig Porter Jr.,CLE,64,1147.661667,116,258,33,24,40,220,205,57,38,59,289
1641869,Malachi Smith,BKN,15,358.82,48,99,20,8,8,51,49,12,4,14,124
1641871,Duop Reath,POR,32,258.17,33,74,23,5,6,38,10,5,8,7,94
1641890,Tyler Smith,DAL,12,165.583333,21,50,10,4,6,33,5,6,0,6,56
1641989,Elijah Harkless,UTA,26,544.813333,54,161,21,49,64,53,75,31,6,26,178
1641998,Trey Jemison III,NYK,13,81.588333,6,10,0,1,1,18,5,1,2,10,13
1642066,Myron Gardner,MIA,45,410.505,59,123,26,19,26,122,44,20,8,17,163
1642258,Zaccharie Risacher,ATL,67,1503.253333,244,536,95,58,90,257,76,59,36,58,641
1642259,Alex Sarr,WAS,48,1304.661667,316,656,50,101,146,355,130,39,95,82,783
1642260,Nikola Topić,OKC,10,160.083333,22,51,6,2,5,19,44,5,0,25,52
1642261,Dalton Knecht,LAL,54,552.928333,87,191,38,16,22,75,21,11,11,23,228
1642262,Cody Williams,UTA,67,1630.541667,238,509,28,84,119,198,137,51,26,73,588
1642263,Reed Sheppard,HOU,82,2146.923333,407,946,227,69,86,238,277,122,54,123,1110
1642264,Stephon Castle,SAS,68,2037.743333,385,817,81,282,384,362,502,78,19,217,1133
1642265,Rob Dillingham,CHI,65,969.953333,163,412,42,41,55,131,143,47,6,100,409
1642266,Ja'Kobe Walter,TOR,72,1473.575,180,404,110,71,90,185,86,73,14,37,541
1642267,Bub Carrington,WAS,82,2270.65,314,741,169,81,111,276,381,52,17,191,878
1642268,Isaiah Collier,UTA,59,1516.92,255,515,27,151,209,150,423,66,20,148,688
1642269,Devin Carter,SAC,38,699.868333,121,292,30,67,94,125,101,34,9,54,339
1642270,Donovan Clingan,POR,77,2093.636667,356,684,84,138,203,892,162,44,130,95,934
1642271,Kyle Filipowski,UTA,77,1800.943333,323,657,74,159,212,552,198,73,39,125,879
1642272,Jared McCain,OKC,67,1159.666667,204,480,99,51,59,137,90,35,5,56,558
1642273,Kyshawn George,WAS,48,1390.963333,253,577,99,105,131,245,214,48,43,125,710
1642274,Yves Missi,NOP,66,1297.036667,160,294,0,57,102,385,84,20,101,54,377
1642275,Tidjane Salaün,CHA,37,575.38,80,159,36,26,40,149,27,16,7,26,222
1642276,Kel'el Ware,MIA,77,1703.821667,344,649,92,71,96,694,56,59,84,62,851
1642277,Johnny Furphy,IND,35,643.053333,70,149,23,17,35,153,41,20,7,29,180
1642278,Tyler Kolek,NYK,62,727.161667,108,248,44,14,20,98,170,22,4,55,274
1642280,Trentyn Flowers,CHI,2,5.55,2,3,0,0,0,1,1,0,0,1,4
1642281,Jaylon Tyson,CLE,66,1777.483333,330,670,133,79,107,338,147,54,28,99,872
1642282,Hunter Sallis,PHI,7,25.673333,3,5,0,1,2,1,4,0,1,5,7
1642285,Cam Spencer,MEM,72,1714.451667,263,556,146,126,134,183,400,52,11,93,798
1642345,Oso Ighodaro,PHX,82,1808.37,239,366,0,53,117,418,185,73,57,101,531
1642346,Ryan Dunn,PHX,70,1355.245,164,362,56,23,47,297,102,60,29,56,407
1642347,Jamal Shead,TOR,82,1852.238333,185,504,84,91,116,143,444,76,15,112,545
1642348,Justin Edwards,PHI,64,977.018333,143,320,67,33,39,94,80,54,11,36,386
1642349,Ajay Mitchell,OKC,57,1472.798333,286,590,61,141,162,190,206,71,18,81,774
1642352,Keshad Johnson,MIA,32,279.521667,51,104,13,21,29,62,8,15,8,13,136
1642353,Cam Christie,LAC,55,479.75,53,139,12,38,50,78,31,16,3,22,156
1642354,KJ Simpson,DEN,20,257.61,34,99,12,11,18,37,43,16,0,25,91
1642355,Bronny James,LAL,42,375.491667,47,115,22,6,7,23,51,19,4,25,122
1642357,David Jones Garcia,SAS,11,67.975,13,25,3,3,6,13,18,6,1,5,32
1642358,AJ Johnson,DAL,48,453.433333,57,176,12,34,40,55,47,11,3,30,160
1642359,Pacôme Dadiet,NYK,29,135.76,16,48,7,9,11,27,12,3,1,3,48
1642362,Payton Sandfort,OKC,4,63.333333,13,26,7,2,4,10,0,1,0,1,35
1642363,Nique Clifford,SAC,75,1881.925,249,596,77,70,97,282,179,68,24,116,645
1642364,Jamir Watkins,WAS,50,1032.176667,132,296,47,57,82,194,67,54,25,40,368
1642366,Quinten Post,GSW,67,1159.198333,193,439,93,34,43,269,94,26,35,56,513
1642367,Jonathan Mogbo,TOR,40,248.896667,26,44,0,9,14,68,25,11,8,14,61
1642368,N'Faly Dante,ATL,4,15.416667,1,4,0,1,1,7,0,2,0,1,3
1642377,Jaylen Wells,MEM,69,1820.641667,301,698,129,134,171,220,111,61,9,74,865
1642380,Adama Bal,MEM,8,241.315,28,68,18,9,10,25,19,9,1,6,83
1642382,Branden Carlson,OKC,42,488.203333,98,186,31,15,26,124,29,8,27,16,242
1642383,Walter Clayton Jr.,MEM,69,1410.535,177,461,75,109,121,139,279,44,19,116,538
1642384,Isaiah Crawford,HOU,14,92.1,10,24,3,5,6,16,5,2,3,4,28
1642389,Zyon Pullin,MIN,5,42.583333,9,13,1,4,4,3,9,1,0,3,23
1642396,Blake Hinson,UTA,14,285.433333,59,115,37,12,16,33,16,5,2,5,167
1642400,Tristan Enaruna,CLE,9,85.133333,14,28,3,6,8,14,7,5,0,3,37
1642402,Enrique Freeman,MIN,4,37.208333,4,8,2,3,4,10,2,2,3,2,13
1642403,Isaac Jones,DET,7,35.683333,3,7,0,3,4,5,1,0,1,1,9
1642404,Chaz Lanier,DET,34,262.005,28,89,19,5,6,23,17,7,0,3,80
1642419,Jamison Battle,TOR,61,516.778333,74,145,35,9,14,89,24,7,3,19,192
1642434,Riley Minix,CLE,9,58.083333,14,23,4,3,3,6,5,2,1,3,35
1642443,Jahmir Young,MIA,14,58.195,10,25,3,2,2,4,9,1,0,3,25
1642449,Tolu Smith,DET,15,137.441667,18,36,0,20,30,49,13,2,6,7,56
1642450,Daniss Jenkins,DET,72,1455.3,232,568,73,134,161,166,278,64,15,115,671
1642461,Spencer Jones,DEN,64,1416.79,132,262,57,31,51,209,51,52,29,31,352
1642468,Darius Brown II,CLE,1,2.666667,0,1,0,0,0,1,0,0,0,0,0
1642484,RayJ Dennis,ATL,17,206.233333,26,83,14,8,9,26,33,4,4,17,74
1642490,Josh Oduro,NOP,3,81.766667,11,17,0,3,6,23,4,0,0,2,25
1642502,Malevy Leons,GSW,25,276.471667,32,72,4,15,19,53,23,14,9,13,83
1642504,Cormac Ryan,MIL,11,270.678333,53,102,27,24,26,28,19,11,3,17,157
1642530,Yuki Kawamura,CHI,18,209.02,17,52,11,17,19,33,47,9,0,14,62
1642843,Cooper Flagg,DAL,70,2343.858333,559,1194,72,283,342,466,316,84,64,161,1473
1642844,Dylan Harper,SAS,69,1557.956667,331,656,61,90,119,234,266,54,24,99,813
1642845,VJ Edgecombe,PHI,75,2623.305,451,1030,149,148,181,423,315,107,39,137,1199
1642846,Ace Bailey,UTA,72,1987.643333,395,892,137,66,88,302,131,60,49,107,993
1642847,Jeremiah Fears,NOP,82,2111.903333,437,1006,101,194,246,300,279,97,30,178,1169
1642848,Tre Johnson,WAS,60,1442.816667,271,647,115,76,87,170,122,33,18,93,733
1642849,Nolan Traore,BKN,56,1243.391667,182,479,61,74,94,99,213,45,23,129,499
1642851,Kon Knueppel,CHA,81,2550.746667,515,1084,273,195,226,432,274,57,19,161,1498
1642852,Derik Queen,NOP,81,2023.38,354,748,23,217,273,572,298,84,74,190,948
1642853,Rasheer Fleming,PHX,55,673.401667,87,215,45,19,34,124,16,22,21,29,238
1642854,Asa Newell,ATL,44,499.908333,91,169,29,16,29,96,26,16,15,23,227
1642855,Noa Essengue,CHI,2,6.033333,0,3,0,0,0,0,0,1,0,0,0
1642856,Egor Dëmin,BKN,52,1308.208333,179,449,124,54,65,165,173,42,17,86,536
1642857,Kasparas Jakučionis,MIA,53,944.628333,102,238,66,58,66,138,137,33,7,50,328
1642859,Jase Richardson,ORL,54,586.748333,89,188,28,33,46,63,58,19,2,25,239
1642860,Will Riley,WAS,74,1632.471667,271,618,78,144,180,212,146,54,9,94,764
1642862,Liam McNeeley,CHA,31,367.521667,38,95,24,32,39,73,24,5,3,13,132
1642863,Khaman Maluach,PHX,46,411.025,56,105,5,22,31,133,6,5,33,25,139
1642864,Hugo González,BOS,74,1083.93,117,246,42,13,26,246,40,42,21,38,289
1642866,Joan Beringer,MIN,40,314.131667,65,98,0,26,37,92,12,7,26,11,156
1642867,Collin Murray-Boyles,TOR,57,1245.6,198,342,17,71,108,285,106,52,53,59,484
1642868,Carter Bryant,SAS,71,817.865,108,265,52,30,42,178,47,16,23,33,298
1642869,Noah Penda,ORL,59,757.275,82,203,30,33,48,187,70,30,18,42,227
1642873,Amari Williams,BOS,22,145.723333,10,20,0,10,14,40,10,3,10,11,30
1642874,Danny Wolf,BKN,57,1187.161667,178,440,68,84,109,281,127,30,32,73,508
1642875,Maxime Raynaud,SAC,74,1963.88,383,671,24,132,168,556,100,38,39,94,922
1642876,Adou Thiero,LAL,25,148.903333,16,31,1,14,22,28,10,7,2,9,47
1642877,Micah Peavy,NOP,61,912.935,106,275,28,22,29,117,61,43,9,20,262
1642878,Tyrese Proctor,CLE,50,545.086667,93,225,46,40,45,64,74,25,0,40,272
1642879,Ben Saraf,BKN,44,916.318333,120,303,19,73,88,92,145,38,8,99,332
1642880,Kam Jones,IND,37,616.325,68,169,22,4,8,60,119,18,0,36,162
1642882,Julian Reese,WAS,13,401.5,63,119,0,28,44,137,24,18,8,32,154
1642883,Sion James,CHA,82,1843.28,138,372,83,82,98,287,163,52,20,65,441
1642884,Vladislav Goldin,MIA,9,23.961667,3,4,0,1,1,9,3,0,3,3,7
1642885,Mohamed Diawara,NYK,69,634.151667,90,213,48,18,24,94,53,17,6,30,246
1642886,Koby Brea,PHX,12,83.866667,15,36,13,2,2,8,10,1,0,4,45
1642905,Yang Hansen,POR,43,299.893333,31,100,5,28,34,66,22,3,10,32,95
1642907,Cedric Coward,MEM,62,1597.946667,305,648,93,140,166,364,171,40,27,105,843
1642910,John Tonje,BOS,6,41.898333,4,14,3,4,4,6,2,2,0,0,15
1642911,Rocco Zikarsky,MIN,5,36.483333,5,8,0,4,4,14,2,0,5,1,14
1642914,Javon Small,MEM,41,829.908333,134,288,60,68,82,128,151,34,9,56,396
1642917,Max Shulga,BOS,11,36.275,2,8,1,2,2,6,2,1,0,3,7
1642918,Alijah Martin,TOR,23,145.615,16,50,4,15,19,21,12,8,4,8,51
1642920,Kobe Sanders,LAC,68,1351.416667,179,384,80,57,69,153,109,49,10,81,495
1642928,Dylan Cardwell,SAC,44,906.538333,105,179,2,26,51,332,62,30,67,39,238
1642933,Keshon Gilbert,ATL,4,73.783333,5,12,0,7,7,5,12,3,4,8,17
1642935,Chucky Hepburn,TOR,2,13.233333,0,6,0,0,0,1,2,1,0,1,0
1642938,Curtis Jones,DEN,10,87.716667,11,27,6,1,2,11,10,4,0,2,29
1642939,Miles Kelly,DAL,14,133.723333,16,44,10,1,1,24,12,4,1,6,43
1642942,Jahmai Mashack,MEM,31,673.151667,77,195,19,19,35,81,69,37,14,49,192
1642948,Ryan Nembhard,DAL,60,1170.88,162,390,48,25,31,133,316,25,2,85,397
1642949,Yanic Konan Niederhäuser,LAC,41,423.678333,64,100,1,47,62,117,12,5,30,23,176
1642950,Lachlan Olbrich,CHI,37,344.221667,36,77,2,15,40,112,42,12,8,16,89
1642951,Sean Pedulla,LAC,7,31.0,5,15,3,0,0,3,5,0,0,1,13
1642954,Will Richard,GSW,69,1376.805,162,346,71,46,54,172,93,80,9,53,441
1642955,Kadary Richmond,WAS,3,66.8,10,16,2,3,3,10,8,8,1,2,25
1642959,Chris Youngblood,POR,34,185.091667,22,63,18,9,10,28,12,4,3,2,71
1642962,Drake Powell,BKN,63,1319.513333,144,358,51,69,77,111,91,36,14,60,408
1642964,Brooks Barnhizer,OKC,40,347.881667,27,71,7,7,10,78,22,11,5,10,68
1642967,John Poulakidas,DAL,13,253.435,39,91,31,6,7,30,11,7,4,4,115
1643007,Taelon Peter,IND,38,492.23,60,158,41,10,16,59,40,26,4,27,171
1643016,Bez Mbeng,UTA,15,492.185,50,100,6,16,25,57,62,34,5,22,122
1643018,LJ Cryer,GSW,18,292.146667,47,117,37,17,19,28,18,3,0,14,148
1643024,Chris Mañon,LAL,9,46.085,2,6,0,3,4,10,3,5,2,1,7
1643047,CJ Huntley,PHX,4,40.4,6,11,0,0,0,5,2,1,0,0,12
1643052,Chaney Johnson,BKN,17,347.583333,51,94,9,28,35,79,36,15,9,20,139
1643060,Hayden Gray,UTA,1,24.75,2,3,0,2,2,0,1,1,1,1,6
1643133,Lawson Lovering,MEM,2,49.265,6,10,0,2,5,15,3,3,1,2,14
1643141,Jahmyl Telfort,LAC,8,32.033333,0,4,0,1,4,3,1,1,0,1,1
1643158,Andersson Garcia,UTA,5,168.75,9,29,1,7,9,42,14,8,4,7,26
1643253,Toby Okani,MEM,6,217.09,25,70,9,1,8,21,6,4,3,3,60
1643257,Jayson Kent,POR,5,22.466667,4,7,1,1,1,5,0,1,1,0,10
